DE2369	damen (noun)
DE1431	frau (noun)
DE1755	moralisch (noun)
DE2943	morde (noun)
DE1547	heuchler (noun)
DE2955	tötung (noun)
DE1782	behinderte (noun)
DE1525	jerry (noun)
DE1062	durcheinander (noun)
DE39	wissenschaftlichen (noun)
DE2746	rhetorik (noun)
DE1929	wut (noun)
DE3429	doof (adjective)
DE2962	blinde (noun)
DE2631	sau (noun)
DE3497	belästigt (noun)
DE1217	homosexuelle (noun)
DE2335	unwissenheit (noun)
DE1188	ficken (noun)
DE1189	hase (noun)
DE180	tiere (noun)
DE3248	baby (noun)
DE463	dumm (noun)
DE3557	folter (noun)
DE1392	fotze (noun)
DE3631	verschwörungstheorien (noun)
DE2799	schafe (noun)
DE1182	fuck (noun)
DE1419	ausschuß (noun)
DE2181	homosexualität (noun)
DE2374	pseudo- (noun)
DE1769	katastrophal (adjective)
DE19	misshandlung (noun)
DE1549	heuchelei (noun)
DE2931	terrorist (noun)
DE2306	behinderungen (noun)
DE1504	verstoß (noun)
DE3151	gewohnt (adjective)
DE1496	scheiß (noun)
DE622	schwarz (noun)
DE3005	wurm (noun)
DE418	minister (noun)
DE1845	fencheltee (noun)
DE3601	vögel (noun)
DE653	hurensohn (noun)
DE1085	hahn (noun)
DE756	leiter (noun)
DE360	eier (noun)
DE49	theoretisch (adjective)
DE1895	foul (noun)
DE982	betrüger (noun)
DE968	unverschämtheit (noun)
DE3277	heftig (adjective)
DE823	arroganz (noun)
DE1764	böse (noun)
DE1828	faschist (noun)
DE3028	bitten (verb)
DE2123	diebstahl (noun)
DE1946	faschisten (noun)
DE1261	abfall (noun)
DE2427	insekten (noun)
DE3447	politisch (adjective)
DE1131	professoren (noun)
DE1000	hunde (noun)
DE3128	rasen (verb)
DE967	diffamieren (noun)
DE878	schädlich (adjective)
DE981	betrügerin (noun)
DE3236	hühner (noun)
DE2355	lehrerin (noun)
DE2721	arme menschen (noun)
DE3577	angestellte (noun)
DE2020	zuschauer (noun)
DE2476	ärgert (adjective)
DE2695	partei (noun)
DE221	birne (noun)
DE1927	zorn (noun)
DE27	missbraucht (noun)
DE2609	polizisten (noun)
DE3193	überheblich (adjective)
DE638	schwein (noun)
DE3175	sauer (adjective)
DE3562	gefoltert (noun)
DE3446	politische (adjective)
DE3672	made (noun)
DE2242	hausarbeit (noun)
DE3110	fressen (verb)
DE3409	jüdischen (adjective)
DE3339	enttäuschend (adjective)
DE1074	teil (noun)
DE3458	hässlich (adjective)
DE1073	pimmel (noun)
DE2377	lust (noun)
DE590	verboten (noun)
DE987	steinmetz (noun)
DE1810	knecht (noun)
DE2193	jüdischen (noun)
DE1541	eklig (noun)
DE1065	verwirrung (noun)
DE2319	blödsinn (noun)
DE1428	schelm (noun)
DE3320	überfallen (noun)
DE2878	schwarz (adjective)
DE1465	penner (noun)
DE1070	schlange (noun)
DE2997	clowns (noun)
DE1660	fuchs (noun)
DE293	gier (noun)
DE1839	zu erpressen (noun)
DE1388	muschi (noun)
DE790	unternehmer (noun)
DE2114	klug (adjective)
DE2308	unsinnig (noun)
DE2136	schmarotzer (noun)
DE2484	schwachsinn (noun)
DE2191	judentum (noun)
DE1870	floh (noun)
DE200	diffamierung (noun)
DE2311	unsinn (noun)
DE2324	mittellos (noun)
DE3536	terrorismus (noun)
DE410	trader (noun)
DE3136	unnormal (adjective)
DE3600	vogel (noun)
DE2201	jude (noun)
DE2044	reaktion (noun)
DE1693	dutzende (noun)
DE3596	drachen (noun)
DE2312	quatsch (noun)
DE2260	sänger (noun)
DE2067	sex haben (verb)
DE2720	arm (noun)
DE276	ignorant (noun)
DE2563	mücken (noun)
DE1076	gerät (noun)
DE3698	arbeitnehmer (noun)
DE1209	schwul (noun)
DE1075	schwanz (noun)
DE2587	nerd (noun)
DE1434	dame (noun)
DE1028	volk (noun)
DE1127	professur (noun)
DE755	führer (noun)
DE2445	masse (noun)
DE3072	verrecken (verb)
DE2830	prominenten (noun)
DE2517	wc (noun)
DE2212	massen (noun)
DE2696	partie (noun)
DE178	tieren (noun)
DE2248	bude (noun)
DE825	Überheblichkeit (noun)
DE2115	verkommen (noun)
DE399	bauer (noun)
DE1317	wichser (noun)
DE875	kaiman (noun)
DE1785	nichtstun (noun)
DE453	stimmen gegen (noun)
DE1700	bauarbeiter (noun)
DE811	egoismus (noun)
DE2884	race (noun)
DE3448	arm (adjective)
DE451	sperrung (noun)
DE1825	landwirte (noun)
DE2370	lady (noun)
DE2241	haushalt (noun)
DE1716	mitarbeiter (noun)
DE3459	unfähig (adjective)
DE1490	verbrechen (noun)
DE2415	mörder (noun)
DE3635	verschwörungstheoretiker (noun)
DE2121	stehlen (noun)
DE2049	es tun (verb)
DE3092	kartoffeln (noun)
DE803	mittelschicht (noun)
DE2104	schlau (adjective)
DE2069	stoßen (verb)
DE2990	pate (noun)
DE3682	feige (noun)
DE2876	schwarze (noun)
DE1740	amateur (noun)
DE3689	gewalt (noun)
DE3646	schuster (noun)
DE1837	fast ein (noun)
DE2095	schweine (noun)
DE852	mob (noun)
DE422	rechtsanwalt (noun)
DE1263	müll (noun)
DE1857	fische (noun)
DE661	erpressung (noun)
DE1637	po (noun)
DE238	vollpfosten (noun)
DE473	prostituierte (noun)
DE1342	hybride (noun)
DE3252	braun (adjective)
DE157	menge (noun)
DE3292	controller (noun)
DE2768	hai (noun)
DE222	dummheit (noun)
DE242	idiot (noun)
DE2446	willy (noun)
DE1787	familie (noun)
DE3311	entführt (noun)
DE1306	eule (noun)
DE2262	ideologen (noun)
DE2401	traurig (adjective)
DE3431	verrückt (adjective)
DE440	baron (noun)
DE211	vergewaltigt (noun)
DE40	wissenschaft (noun)
DE555	dumm (adjective)
DE2336	ignorieren (noun)
DE1364	kreuzung (noun)
DE2482	wütend (noun)
DE1519	kriminalität (noun)
DE3137	ungewöhnlich (adjective)
DE1128	prof (noun)
DE738	kuh (noun)
DE2606	polizist (noun)
DE2968	üblichen (adjective)
DE2210	schule (noun)
DE1718	liebhaber (noun)
DE1750	moral (noun)
DE114	scherz (noun)
DE3529	terroristen (noun)
DE207	vergewaltigung (noun)
DE1157	kohl (noun)
DE156	bewegung (noun)
DE2753	anführer (noun)
DE2113	clever (adjective)
DE2702	bösen (adjective)
DE1801	beschaffung (noun)
DE3230	gefälscht (adjective)
DE1214	gay (noun)
DE1010	chinese (noun)
DE758	chef (noun)
DE528	chaos (noun)
DE2831	prominente (noun)
DE125	reste (noun)
DE2994	clown (noun)
DE2478	grimm (noun)
DE1926	rage (noun)
DE3256	chinesischen (adjective)
DE3244	kleinkind (noun)
DE882	gemein (adjective)
DE2881	freier (noun)
DE2302	behindert (noun)
DE3337	dreckig (adjective)
DE3513	stolz (adjective)
DE426	verteidiger (noun)
DE1786	verwandten (noun)
DE728	langeweile (noun)
DE3442	jämmerlich (adjective)
DE1830	faschistischen (noun)
DE3142	klatsch (noun)
DE2054	ficken (verb)
DE2247	hütte (noun)
DE580	mannschaft (noun)
DE2331	armut (noun)
DE2863	schwarzer (noun)
DE3350	frosch (noun)
DE3139	tratsch (noun)
DE2204	juden (noun)
DE954	bitch (noun)
DE1772	aue (noun)
DE635	hund (noun)
DE576	bande (noun)
DE277	nichts wissen (noun)
DE2050	liebe machen (verb)
DE30	mißbrauch (noun)
DE1027	clan (noun)
DE1686	belastungen (noun)
DE2330	armen (noun)
DE2953	slayer (noun)
DE2387	lügen (noun)
DE110	streich (noun)
DE2521	klo (noun)
DE191	tier (noun)
DE1505	verstoss (noun)
DE2224	maler (noun)
DE251	trottel (noun)
DE597	kriminelle (noun)
DE2097	sus (noun)
DE480	schlampe (noun)
DE1748	anstand (noun)
DE373	nuss (noun)
DE554	sinnlos (adjective)
DE1421	ablehnen (noun)
DE2265	mädchen (noun)
DE3561	quälen (noun)
DE1206	journalist (noun)
DE1144	professor (noun)
DE472	nutte (noun)
DE1381	kleiner (noun)
DE199	verleumdung (noun)
DE2340	ignoranz (noun)
DE730	langweilig (noun)
DE521	dude (noun)
DE398	kerl (noun)
DE3066	sterben (verb)
DE367	teste (noun)
DE2375	möchtegern (noun)
DE916	casino (noun)
DE2966	bedauerlich (noun)
DE1868	fake (noun)
DE2356	als (noun)
DE3253	armer (noun)
DE3190	wichsen (noun)
DE1205	journalistin (noun)
DE1783	stillstand (noun)
DE2475	empört (adjective)
DE2076	illegal (adjective)
DE1181	verdammt (noun)
DE989	gesindel (noun)
DE111	witz (noun)
DE3441	erbärmlich (adjective)
DE36	faktor (noun)
DE386	räuber (noun)
DE3259	falsch (adjective)
DE2744	rhetorisch (noun)
DE1006	kinderschänder (noun)
DE1729	latte (noun)
DE1213	schwule (noun)
DE1139	prof. (noun)
DE2617	mafia (noun)
DE680	sackgasse (noun)
DE1080	teufel (noun)
DE2337	missachtung (noun)
DE1168	vielzahl (noun)
DE2058	schlafen (verb)
DE2731	ratten (noun)
DE2057	knallen (verb)
DE116	spaß (noun)
DE22	amtsmissbrauch (noun)
DE1514	kriminell (noun)
DE1414	ausschuss (noun)
DE2127	raub (noun)
DE445	barón (noun)
DE3634	verschwörungstheorie (noun)
DE1191	kaninchen (noun)
DE2402	unglücklich (adjective)
DE876	schlecht (adjective)
DE2834	kürbis (noun)
DE393	wilder (noun)
DE2511	mischung (noun)
DE1546	simulation (noun)
DE2132	beute (noun)
DE1974	dose (noun)
DE1368	anfänger (noun)
DE136	stuss (noun)
DE1832	nazi (noun)
DE890	schnauze (noun)
DE1603	mond (noun)
DE2611	polizeibeamte (noun)
DE2305	mobilität (noun)
DE1398	gurke (noun)
DE1812	landwirt (noun)
DE3176	ärgerlich (adjective)
DE3056	versterben (verb)
DE2595	täter (noun)
DE1695	haufen (noun)
DE130	aggressiv (adjective)
DE263	depp (noun)
DE3235	huhn (noun)
DE786	bauern (noun)
DE1585	hinter (noun)
DE2948	mord (noun)
DE1528	schmutz (noun)
DE2027	pussy (noun)
DE3449	armen (adjective)
DE2217	obdachlose (noun)
DE3196	arrogant (adjective)
DE416	anwalt (noun)
DE2249	hybris (noun)
DE2316	unsinnige (noun)
DE20	missbrauch (noun)
DE2380	unanständig (adjective)
DE1503	kriminell (adjective)
DE788	bürgerlichen (noun)
DE3667	korrupt (adjective)
DE1936	gangster (noun)
DE3373	stehlen (verb)
DE1616	hintern (noun)
DE1037	clans (noun)
DE265	simpel (noun)
DE1494	straftat (noun)
DE212	vergewaltiger (noun)
DE202	vergewaltigungen (noun)
DE1089	bürgerliche (noun)
DE2266	perle (noun)
DE272	arschloch (noun)
DE2811	schäfer (noun)
DE1445	täuschung (noun)
DE594	krimineller (noun)
DE421	befürworter (noun)
DE1467	naiv (adjective)
DE1219	homo (noun)
DE1045	schreiber (noun)
DE3699	arbeitskräfte (noun)
DE886	klappe (noun)
DE605	bock (noun)
DE2727	stolz (noun)
DE753	kühe (noun)
DE1749	moralischen (noun)
DE42	akademiker (noun)
DE1684	viele (noun)
DE1534	unangenehm (noun)
DE3527	terroranschlag (noun)
DE3428	albern (noun)
DE3338	schmutzig (adjective)
DE2273	braut (noun)
DE2061	es treiben (verb)
DE2481	Ärger (noun)
DE1383	mein junge (noun)
DE814	frechheit (noun)
DE3251	blind (adjective)
DE2688	gemeinde (noun)
DE2059	vögeln (verb)
DE1655	vollmond (noun)
DE1791	fanatiker (noun)
DE2300	behinderung (noun)
DE3178	böse (adjective)
DE2604	polizistin (noun)
DE3389	stark (adjective)
DE3243	babys (noun)
DE1259	schrott (noun)
DE2269	rock (noun)
DE956	hündin (noun)
DE877	schlimm (adjective)
DE3552	qual (noun)
DE1212	queer (noun)
DE2333	inkompetent (noun)
DE2077	rechtswidrig (adjective)
DE18	machtmissbrauch (noun)
DE589	verbrecher (noun)
DE262	tor (noun)
DE3730	roma (noun)
DE651	bastard (noun)
DE225	esel (noun)
DE477	hure (noun)
DE1831	fascho (noun)
DE3011	handeln (verb)
DE2468	neid (noun)
DE2522	toilette (noun)
DE2348	lehrer (noun)
DE864	kiste (noun)
DE2701	böses (noun)
DE3076	kartoffel (noun)
DE409	händler (noun)
DE1701	zwerg (noun)
DE2956	ermordung (noun)
DE3195	hybrid (adjective)
DE3269	feige (adjective)
DE3043	betrügen (verb)
DE853	pöbel (noun)
DE516	lüge (noun)
DE1211	schwuchtel (noun)
DE1687	tonnen (noun)
DE1234	verräter (noun)
DE1444	irreführung (noun)
DE2052	stechen (verb)
DE2797	schaf (noun)
DE1346	hybrid (noun)
DE3278	lahm (adjective)
DE1009	chinesen (noun)
DE3316	überfall (noun)
DE1087	problem (noun)
DE2458	penis (noun)
DE1557	arsch (noun)
DE2373	pseudo (noun)
DE189	bestie (noun)
DE3456	blöd (adjective)
DE2527	toiletten (noun)
DE1290	sehnsucht (noun)
DE1386	fut (noun)
DE812	egoistisch (noun)
DE577	gruppe (noun)
DE1714	handlung (noun)
DE3321	beraubt (noun)
DE662	erpresst (noun)
DE2888	rasse (noun)
DE3183	wütend (adjective)
DE2382	lügner (noun)
DE356	ei (noun)
DE879	wertlos (adjective)
DE763	braun (noun)
DE1289	verlangen (noun)
DE3017	gemeinde- (adjective)
DE2103	gerissen (adjective)
DE1709	erzieher (noun)
DE2148	john (noun)
DE2886	weißen (noun)
DE3204	piraten (noun)
DE2357	lehrkraft (noun)
DE1583	hinten (noun)
DE619	unfug (noun)
DE1462	geliebte (noun)
DE1107	kasten (noun)
DE1940	faschismus (noun)
DE1140	professorin (noun)
DE2871	mohr (noun)
