ET886	petlik (noun)
ET1960	must (adjective)
ET1564	koon (noun)
ET1094	armuke (noun)
ET241	parun (noun)
ET1403	asjatundmatu (noun)
ET1421	õpetatakse (noun)
ET912	möku (noun)
ET1123	kala (noun)
ET308	bédu (noun)
ET2081	dweeb (noun)
ET1987	rööv (noun)
ET694	professori (noun)
ET362	must (noun)
ET1925	agressiivne (adjective)
ET1554	koid (noun)
ET716	bunnies (noun)
ET1860	kohtades (noun)
ET491	bourgeoise (noun)
ET286	lutka (noun)
ET2192	drag show (noun)
ET1418	õpetajad (noun)
ET1024	nanus (noun)
ET534	halb (adjective)
ET1880	spud (noun)
ET271	hoor (noun)
ET1080	pere (noun)
ET1010	tonni (noun)
ET1889	pedant (noun)
ET526	villainess (noun)
ET348	sikk (noun)
ET2099	looper (noun)
ET542	vang (noun)
ET2087	nõme (adjective)
ET1329	karja (noun)
ET455	kari (noun)
ET1200	tupp (noun)
ET596	camorra (noun)
ET1597	pudge (noun)
ET1961	pime (adjective)
ET344	kurjategija (noun)
ET1309	homoerotic (noun)
ET1441	pseud (noun)
ET984	kannikad (noun)
ET935	jerry (noun)
ET135	nupp (noun)
ET522	mob (noun)
ET1430	ebaeetiline (adjective)
ET239	doggy (noun)
ET656	riist (noun)
ET144	loll (noun)
ET444	lehma (noun)
ET1926	vihane (adjective)
ET693	prof (noun)
ET1747	neeger (noun)
ET1198	tupe (noun)
ET1775	hispanic (noun)
ET464	pruun (noun)
ET1301	male (noun)
ET1796	haned (noun)
ET1876	surema (verb)
ET711	kurat (noun)
ET156	ignorant (noun)
ET322	loll (adjective)
ET958	tagantjärele (noun)
ET1333	rahvas (noun)
ET139	tobu (noun)
ET880	dame (noun)
ET1823	kõrvits (noun)
ET1653	rattus (noun)
ET2293	zulus (noun)
ET812	meeskonna (noun)
ET601	scammer (noun)
ET1294	vaene (noun)
ET2193	drag queen (noun)
ET1931	osav (adjective)
ET237	jurist (noun)
ET4	acedia (noun)
ET1427	petja (noun)
ET1057	moraal (noun)
ET1732	squash (noun)
ET30	teadlased (noun)
ET182	bordello (noun)
ET1675	mestizos (noun)
ET901	otu (noun)
ET1363	balladeer (noun)
ET1171	raev (noun)
ET1913	täid (noun)
ET867	junto (noun)
ET1446	valetaja (noun)
ET868	camarilla (noun)
ET1684	pisik (noun)
ET769	jäätmed (noun)
ET949	võlts (noun)
ET1559	mozzarella (noun)
ET1720	tigu (noun)
ET741	twink (noun)
ET1962	pruun (adjective)
ET1804	omerta (noun)
ET1352	kuur (noun)
ET1541	mollusk (noun)
ET12	ükskõikne (noun)
ET699	kapsas (noun)
ET2027	konnad (noun)
ET1786	vähe (noun)
ET2043	kaan (noun)
ET1133	võltsitud (noun)
ET696	kapsad (noun)
ET1902	tatterdemalion (noun)
ET347	sokk (noun)
ET983	pepu (noun)
ET1292	john (noun)
ET641	kits (noun)
ET734	homoseksuaal (noun)
ET1341	kodutu (noun)
ET57	anaalseks (noun)
ET108	loom (noun)
ET285	floozie (noun)
ET346	pukki (noun)
ET1600	paparazzo (noun)
ET1400	vaesus (noun)
ET124	loomad (noun)
ET1881	murphy (noun)
ET1591	mafioso (noun)
ET1795	hani (noun)
ET2123	terrorism (noun)
ET384	jobu (noun)
ET350	tattletale (noun)
ET1471	sass (noun)
ET1262	sead (noun)
ET756	pettus (noun)
ET275	lits (noun)
ET169	ahnus (noun)
ET521	mitte midagi (noun)
ET952	silmakirjalikkus (noun)
ET1948	kana (noun)
ET1734	stealer (noun)
ET297	kutt (noun)
ET1242	keppima (verb)
ET1105	fascista (noun)
ET2160	hellcat (noun)
ET1937	plagiaat (noun)
ET69	farrago (noun)
ET858	tuss (noun)
ET1848	klounid (noun)
ET860	vitt (noun)
ET616	pederast (noun)
ET1773	aasia (noun)
ET1980	naeris (noun)
ET1527	lav (noun)
ET1036	hull (adjective)
ET851	rookie (noun)
ET624	hõim (noun)
ET1256	siga (noun)
ET1896	trifler (noun)
ET1849	kloun (noun)
ET1493	viha (noun)
ET1467	putukad (noun)
ET1032	kasvataja (noun)
ET1853	uss (noun)
ET679	kast (noun)
ET140	tempel (noun)
ET1440	pseudo (noun)
ET920	kurjategijad (noun)
ET862	kurk (noun)
ET2020	anura (noun)
ET1549	sääsk (noun)
ET238	doggie (noun)
ET1266	petlik (adjective)
ET471	talupoeg (noun)
ET844	värd (noun)
ET212	barbar (noun)
ET707	kuradi (noun)
ET2167	linnud (noun)
ET240	piski (noun)
ET1950	poulet (noun)
ET1776	valge (noun)
ET672	segadus (noun)
ET1813	slaying (noun)
ET1016	hinded (noun)
ET2216	vägivaldne (noun)
ET2227	vipera (noun)
ET1276	vargus (noun)
ET258	patsy (noun)
ET1930	wank (noun)
ET1037	kuritegusid (noun)
ET335	bänd (noun)
ET111	animalia (noun)
ET167	pürg (noun)
ET969	tush (noun)
ET1631	kuri (noun)
ET1959	beebi (noun)
ET1814	mõrv (noun)
ET1681	haid (noun)
ET1108	täpne (noun)
ET393	ebaseaduslik (noun)
ET472	talupojad (noun)
ET612	koer (noun)
ET2139	suss (noun)
ET1654	rott (noun)
ET71	jäägid (noun)
ET412	riku (noun)
ET1423	jokester (noun)
ET170	avaritia (noun)
ET1956	vastsündinu (noun)
ET2073	rumal (noun)
ET733	dus (noun)
ET1327	juut (noun)
ET729	ajakirjanik (noun)
ET1189	fava (noun)
ET510	git (noun)
ET48	bison (noun)
ET555	raibe (noun)
ET972	tagumik (noun)
ET1622	vald (noun)
ET2154	crossdress (noun)
ET687	professor (noun)
ET1041	kuriteo (noun)
ET1526	tualeti (noun)
ET1787	natuke (noun)
ET570	changeling (noun)
ET2155	crossdresser (noun)
ET1136	kirp (noun)
ET2285	romi (noun)
ET1500	muss (noun)
ET1246	nikkuma (verb)
ET1255	fulvus (noun)
ET1650	propagandist (noun)
ET1216	alfons (noun)
ET445	veis (noun)
ET575	debiilik (noun)
ET1924	ahne (adjective)
ET1102	põllumeeste (noun)
ET950	ajuvaba (noun)
ET1805	puuk (noun)
ET1778	sigade (noun)
ET635	sekretär (noun)
ET1605	ebaviisakas (noun)
ET1602	paparazzi (noun)
ET1562	muul (noun)
ET1398	suhtelise vaesuse (noun)
ET484	pede (noun)
ET1801	brant (noun)
ET1812	mõrvarid (noun)
ET2164	aves (noun)
ET1620	kihelkond (noun)
ET517	tramp (noun)
ET1568	nerdy (noun)
ET737	geid (noun)
ET123	loomade (noun)
ET2066	juudi (adjective)
ET539	klikk (noun)
ET1582	cosa nostra (noun)
ET1390	mõttetu (noun)
ET1048	escargot (noun)
ET1265	kaval (adjective)
ET532	kaiman (noun)
ET1435	daam (noun)
ET639	kitse (noun)
ET475	ärimees (noun)
ET658	hellion (noun)
ET992	kennel (noun)
ET736	gay (noun)
ET162	perse (noun)
ET1973	bunkum (noun)
ET1062	paha (noun)
ET712	shtup (noun)
ET626	tribal (noun)
ET1104	fašist (noun)
ET1777	latino (noun)
ET791	minx (noun)
ET1946	kanad (noun)
ET2088	suutnud (adjective)
ET1451	kahetsusväärne (adjective)
ET306	bedouin (noun)
ET2279	romanis (noun)
ET789	iha (noun)
ET857	tussu (noun)
ET1278	saak (noun)
ET790	tanha (noun)
ET157	ei tea midagi (noun)
ET1386	arsehole (noun)
ET1679	hai (noun)
ET1354	hustling (noun)
ET1117	hais (noun)
ET855	poeg (noun)
ET2018	batrachian (noun)
ET1316	juudi (noun)
ET267	loru (noun)
ET27	tegur (noun)
ET1367	tüdruk (noun)
ET1769	neeger (adjective)
ET146	knucklehead (noun)
ET1485	penis (noun)
ET209	mats (noun)
ET442	igav (noun)
ET2210	poltroon (noun)
ET1802	brent (noun)
ET1664	retooriline (noun)
ET731	korrespondent (noun)
ET2089	vägivaldne (adjective)
ET981	kõhu (noun)
ET1021	peons (noun)
ET1486	peenise (noun)
ET664	tavalised inimesed (noun)
ET1482	peenis (noun)
ET1326	juudid (noun)
ET2215	vägivald (noun)
ET67	jant (noun)
ET88	kirg (noun)
ET2075	narr (adjective)
ET194	testis (noun)
ET503	ülbus (noun)
ET565	wuss (noun)
ET2282	roma (noun)
ET701	summ (noun)
ET1836	kahetsusväärne (noun)
ET1837	tavaline (adjective)
ET1249	ebaseaduslik (adjective)
ET655	munn (noun)
ET147	sitapea (noun)
ET1115	toss (noun)
ET1456	mõrvar (noun)
ET1878	tater (noun)
ET1487	noku (noun)
ET411	episoode (noun)
ET2132	piin (noun)
ET2016	vale (adjective)
ET1416	Õpetaja (noun)
ET1420	õpetaja (noun)
ET1023	peón (noun)
ET891	demagoogia (noun)
ET714	nookie (noun)
ET279	libu (noun)
ET374	lohe (noun)
ET1785	veidi (noun)
ET680	casteism (noun)
ET732	poove (noun)
ET1260	sus (noun)
ET1054	moraali (noun)
ET816	sant (noun)
ET1788	pisut (noun)
ET149	muttonhead (noun)
ET1751	neekeri (noun)
ET1033	pedagoog (noun)
ET70	segu (noun)
ET356	pahandust (noun)
ET1570	ravina (noun)
ET953	silmakirjalik (noun)
ET2166	lind (noun)
ET179	bordell (noun)
ET218	advokaat (noun)
ET118	olend (noun)
ET1992	röövimine (noun)
ET854	sonny (noun)
ET1047	sciolist (noun)
ET225	minister (noun)
ET1584	maffia (noun)
ET409	blooper (noun)
ET1963	hiina (adjective)
ET1974	rämps (noun)
ET1387	hokum (noun)
ET865	sativus (noun)
ET143	tola (noun)
ET1437	daamid (noun)
ET385	värdjas (noun)
ET937	grunge (noun)
ET1703	rumalus (noun)
ET1137	kirbu (noun)
ET617	piider (noun)
ET35	õppejõud (noun)
ET837	bastard (noun)
ET1165	fundamentalist (noun)
ET264	idioot (noun)
ET1709	karjus (noun)
ET536	magu (noun)
ET1273	vargad (noun)
ET710	keppima (noun)
ET1447	valetamine (noun)
ET1843	vandal (noun)
ET244	seisus (noun)
ET2074	rumal (adjective)
ET1365	ideologue (noun)
ET142	narr (noun)
ET1578	politseinik (noun)
ET1955	laps (noun)
ET1442	petis (noun)
ET1096	sulane (noun)
ET379	mutt (noun)
ET2006	bootlicker (noun)
ET296	vale (noun)
ET1245	panema (verb)
ET610	kutsu (noun)
ET1035	töötaja (noun)
ET1270	grand theft (noun)
ET90	kirjaoskamatu (noun)
ET447	lehm (noun)
ET304	kaos (noun)
ET1871	troubler (noun)
ET512	lowlife (noun)
ET1659	retoorika (noun)
ET1379	puue (noun)
ET1580	politseinikud (noun)
ET910	molu (noun)
ET372	ettevõtte juht (noun)
ET309	beduin (noun)
ET1484	kürb (noun)
ET31	akadeemiline (noun)
ET1350	hutch (noun)
ET1827	homunculus (noun)
ET945	ebameeldiv (noun)
ET75	melange (noun)
ET1384	puude (noun)
ET1019	vagabund (noun)
ET66	partner in crime (noun)
ET1450	kurb (adjective)
ET988	saba (noun)
ET997	maias (noun)
ET1803	terrorist (noun)
ET1381	puuetega (noun)
ET151	dumbass (noun)
ET977	taga (noun)
ET1759	negro (noun)
ET1162	pahaks (noun)
ET295	väär (noun)
ET1819	slayer (noun)
ET1647	uhkus (noun)
ET916	kuritegu (noun)
ET1428	petturite (noun)
ET1640	shote (noun)
ET879	proua (noun)
ET446	härga (noun)
ET813	wanker (noun)
ET1475	maroon (noun)
ET1085	pimp (noun)
ET859	puts (noun)
ET1746	nigra (noun)
ET74	pisiasjad (noun)
ET638	kitsed (noun)
ET1494	vihane (noun)
ET803	kakk (noun)
ET936	kraut (noun)
ET2083	wonk (noun)
ET663	hädas (noun)
ET751	argus (noun)
ET1852	viga (noun)
ET1750	darkie (noun)
ET1655	rotid (noun)
ET1180	gangster (noun)
ET1106	kiiresti üks (noun)
ET1754	mustanahalised (noun)
ET1351	onn (noun)
ET933	boche (noun)
ET2186	vandenõuteooria (noun)
ET1436	lady (noun)
ET1100	granger (noun)
ET1547	mongol (noun)
ET1702	lammas (noun)
ET1491	kadedus (noun)
ET938	saast (noun)
ET1733	varas (noun)
ET1567	nerd (noun)
ET705	eros (noun)
ET1147	muurari (noun)
ET1700	lambad (noun)
ET3	laiskus (noun)
ET559	kasiino (noun)
ET199	jama (noun)
ET198	teste (noun)
ET450	lehmad (noun)
ET1912	täi (noun)
ET1976	controller (noun)
ET1630	kurja (noun)
ET2019	konn (noun)
ET740	gei (noun)
ET1393	vaesed (noun)
ET195	munandid (noun)
ET1322	judaism (noun)
ET1452	õnnetu (adjective)
ET1577	ment (noun)
ET660	kukk (noun)
ET1007	kümneid (noun)
ET2086	tark (adjective)
ET120	fauna (noun)
ET36	akadeemilise (noun)
ET611	koerad (noun)
ET1975	raamatupidaja (noun)
ET1721	teod (noun)
ET495	egoism (noun)
ET925	pask (noun)
ET1865	parvenu (noun)
ET767	prügi (noun)
ET1883	kartul (noun)
ET1832	trickster (noun)
ET908	röövel (noun)
ET2156	crossdressing (noun)
ET657	türa (noun)
ET192	scrooge (noun)
ET1015	palju (noun)
ET1134	soppa (noun)
ET377	viim (noun)
