BN286	bunnies! (noun)
BN147	undertaker (noun)
BN1048	chickens (noun)
BN783	ржЦржЪрзНржЪрж░ (noun)
BN504	рж╢рзВржХрж░ (noun)
BN920	ЁЯРС (noun)
BN283	cabbage (noun)
BN994	ржЖрж▓рзБ (noun)
BN512	pig (noun)
BN114	balls (noun)
BN483	vaginas (noun)
BN227	dog (noun)
BN1122	рж╢рзЗржпрж╝рж╛рж▓ (noun)
BN18	ржкрзНрж░рж╛ржгрзА (noun)
BN444	ржирзИрждрж┐ржХрждрж╛ (noun)
BN1055	рж╢рж┐рж╢рзБ (noun)
BN89	burro (noun)
BN837	ржоржЯрж░рж╢рзБржЯрж┐ (noun)
BN292	bunnie (noun)
BN960	рж╕ржирзНрждрзНрж░рж╛рж╕ржмрж╛ржжрзА (noun)
BN671	differently abled (noun)
BN680	impaired (noun)
BN530	thieves (noun)
BN6	ржЕрж▓рж╕рждрж╛ (noun)
BN96	ржкрждрж┐рждрж╛рж▓ржпрж╝ (noun)
BN305	ЁЯРЗ (noun)
BN706	ржкрждржЩрзНржЧ (noun)
BN49	rapists (noun)
BN1168	ржЧрж╛ржЗ (noun)
BN186	ржирж░ржЦрж╛ржжржХ (noun)
BN131	ржмрзЗрж╢рзНржпрж╛ (noun)
BN282	ржмрж╛ржБржзрж╛ржХржкрж┐ (noun)
BN336	ржХрзБржорж┐рж░ (noun)
BN933	ЁЯРП (noun)
BN686	disabilities (noun)
BN968	vulture (noun)
BN484	ржпрзЛржирж┐ (noun)
BN1146	рж╕ржирзНрждрзНрж░рж╛рж╕ржмрж╛ржж (noun)
BN76	ржмрзЛржХрж╛ (noun)
BN163	ЁЯРД (noun)
BN828	ржЯрж┐ржпрж╝рж╛ (noun)
BN327	crocodiles (noun)
BN948	рж╣ржВрж╕рзА (noun)
BN1039	hen (noun)
BN951	swan (noun)
BN705	insect (noun)
BN580	same sex (noun)
BN501	hog (noun)
BN490	ржмрж╛рж▓ (noun)
BN811	paparazzi (noun)
BN64	raping (noun)
BN132	ржорж┐ржерзНржпрж╛ (noun)
BN566	homosexual (noun)
BN303	bunnies (noun)
BN328	alligator (noun)
BN1145	ржмрж┐рж╢рзНрж░рзА (adjective)
BN520	stealing (noun)
BN684	differently-abled (noun)
BN1058	ржЕржирзНржз (adjective)
BN1079	ржмрзНржпрж╛ржЩ (noun)
BN770	mosquitoes (noun)
BN1162	ЁЯРж (noun)
BN27	animal (noun)
BN333	ржХрзБржорзНржнрзАрж░ (noun)
BN694	lust (noun)
BN961	slayer (noun)
BN134	ржмрж╛ржЗрж╕ржи (noun)
BN506	swine (noun)
BN175	man eater (noun)
BN74	ржорзВрж░рзНржЦрждрж╛ (noun)
BN170	ржЦрж╛рж░рж╛ржк (adjective)
BN1059	ржмрж╛ржжрж╛ржорж┐ (adjective)
BN538	theives (noun)
BN1061	ржХрзЛржЯржирж╛ (noun)
BN1158	birds (noun)
BN698	ржкрзЛржХрж╛ (noun)
BN851	pea (noun)
BN741	ржЕржмрзНржпржмрж╕рзНржерж╛ (noun)
BN691	disabled (noun)
BN475	┘Г╪│ (noun)
BN861	рж╣рж╛ржЩрж░ (noun)
BN449	ржорзМрж▓ржмрж╛ржж (noun)
BN678	disable (noun)
BN1113	ржЖрж░рж╢рзЛрж▓рж╛ (noun)
BN349	hybrid (noun)
BN325	ржХрзБржорзАрж░ (noun)
BN52	raped (noun)
BN78	donkey (noun)
BN531	ржбрж╛ржХрж╛ржд (noun)
BN77	ass (noun)
BN1081	ржерж▓рзЗ (verb)
BN631	jews' (noun)
BN944	ЁЯРМ (noun)
BN854	shark (noun)
BN308	рж╢рж╢ржХ (noun)
BN191	рж╕рж╛рж░ржорзЗржпрж╝ (noun)
BN696	ржжрзБржГржЦрж┐ржд (adjective)
BN133	ржмрзЗржжрзБржИржи (noun)
BN470	vagina (noun)
BN274	ржзржи (noun)
BN545	рж╕ржоржХрж╛ржорж┐рждрж╛ (noun)
BN75	ржорзВрж░рзНржЦ (noun)
BN69	forced sex (noun)
BN110	ржмрзАржЪрж┐ (noun)
BN120	ржЖржЗржиржЬрзАржмрж┐ (noun)
BN383	ржЕржкрж░рж╛ржзрзА (noun)
BN79	ржЧрж╛ржзрж╛ (noun)
BN1008	potato (noun)
BN445	ржХрзГрж╖ржХ (noun)
BN155	cow (noun)
BN1071	ЁЯР╕ (noun)
BN212	ЁЯР╢ (noun)
BN646	ржЗрж╣рзБржжрж┐ (noun)
BN518	thief (noun)
BN117	ржЕржгрзНржбржХрзЛрж╖ (noun)
BN1100	cockroaches (noun)
BN446	ржкрж╢рзБржкрж╛рж▓ржХ (noun)
BN57	ржзрж░рзНрж╖ржг (noun)
BN1072	frog (noun)
BN267	ЁЯРР (noun)
BN239	tribal (noun)
BN158	cattle (noun)
BN688	handicapped (noun)
BN143	black (noun)
BN957	рж╣рж╛ржБрж╕ (noun)
BN436	tuch (noun)
BN149	funeral director (noun)
BN660	рж╣рж╛ржпрж╝рзЗржирж╛ (noun)
BN949	cob (noun)
BN981	alu (noun)
BN1046	ЁЯРФ (noun)
BN930	ram (noun)
BN265	kid (noun)
BN261	goat (noun)
BN863	рж╣рж╛ржЩрзНржЧрж░ (noun)
BN1124	рж╢рж┐ржпрж╝рж╛рж▓ (noun)
BN1031	ржорзБрж░ржЧрж┐ (noun)
BN51	rapist (noun)
BN919	sheep (noun)
BN179	ржорж╛ржирзБрж╖ржЦрзЗржХрзЛ (noun)
BN241	ржЙржкржЬрж╛рждрж┐ (noun)
BN1166	bird (noun)
BN144	blackish (noun)
BN831	parrot (noun)
BN1022	ржЬрж▓ржжрж╕рзНржпрзБ (noun)
BN532	theft (noun)
BN1062	ржирзЛржВрж░рж╛ (adjective)
BN277	cabbages (noun)
BN740	ржХрзНрж░рзЛржз (noun)
BN207	doggy (noun)
BN969	рж╢ржХрзБржи (noun)
BN669	special people (noun)
BN632	jewish (noun)
BN255	goats (noun)
BN1068	frogs (noun)
BN1030	chicken (noun)
BN164	cows (noun)
BN377	рж╢рж╕рж╛ (noun)
BN628	ржЗрж╣рзБржжрзА (noun)
BN1105	рждрзЗрж▓рж╛ржкрзЛржХрж╛ (noun)
BN747	ржорж┐рж╢рзНрж░ржг (noun)
BN1010	potatoes (noun)
BN773	mosquitos (noun)
BN556	рж╕ржоржХрж╛ржорзА (noun)
BN829	parrots (noun)
BN1128	fox (noun)
BN379	cucumber (noun)
BN523	theif (noun)
BN200	bitch (noun)
BN417	ржирж┐рждржорзНржм (noun)
BN1175	ржЬрзБрж▓рзБ (noun)
BN647	jew (noun)
BN655	hyena (noun)
BN1088	ржЬрзЛржБржХ (noun)
BN535	рждрж╕рзНржХрж░ (noun)
BN921	ржнрзЗржбрж╝рж╛ (noun)
BN782	ржорже (noun)
BN934	ржорзЗрж╖ (noun)
BN732	ржирзБржирзБ (noun)
BN1143	ржХрж╛ржорзБржХ (adjective)
BN1056	ржХрж╛рж▓ (adjective)
BN397	grunge (noun)
BN38	animals (noun)
BN301	rabbit (noun)
BN322	ржкрзЗржБржЪрж╛ (noun)
BN380	рж╢рж╢рж╛ (noun)
BN935	рж╢рж╛ржорзБржХ (noun)
BN1060	ржиржХрж▓ (adjective)
BN385	crime (noun)
BN1057	ржХрж╛рж▓рзЛ (adjective)
BN384	ржЕржкрж░рж╛ржз (noun)
BN980	potatos (noun)
BN251	ржХрзНржпрж╛ржкрж░рж╛ (noun)
BN332	crocodile (noun)
BN189	ржмрзЗржХрзНржХрж▓ (noun)
BN668	physically challenged (noun)
BN937	snail (noun)
BN1154	ржкрж╛ржЦрзА (noun)
BN1137	рж╢рзГржЧрж╛рж▓ (noun)
BN53	rapes (noun)
BN1144	ржорзВрж░рзНржЦ (adjective)
BN294	ржЦрж░ржЧрзЛрж╢ (noun)
BN699	insects (noun)
BN946	рж░рж╛ржЬрж╣рж╛ржБрж╕ (noun)
BN841	ржоржЯрж░рж╢рзБржБржЯрж┐ (noun)
BN683	ржкрзНрж░рждрж┐ржмржирзНржзрзА (noun)
BN304	ржЦрж░ржЧрзЛрж╕ (noun)
BN492	рж╕ржВржЧржо (verb)
BN711	bug (noun)
BN218	ржХрзБржХрзБрж░ (noun)
BN437	ржкрзЛржБржж (noun)
BN1111	cockroach (noun)
BN298	bunny (noun)
BN1028	ржорзБрж░ржЧрзА (noun)
BN463	ржлрзНржпрж╛рж╕рж┐ржмрж╛ржж (noun)
BN693	рж╢рж┐ржХрзНрж╖ржХ (noun)
BN540	ржЪрзБрж░рж┐ (noun)
BN820	ржкрж░ржЬрзАржмрзА (noun)
BN7	laziness (noun)
BN525	ржЪрзЛрж░ (noun)
BN673	disability (noun)
BN209	dogs (noun)
BN334	ЁЯРК (noun)
BN318	ржкрзНржпрж╛ржБржЪрж╛ (noun)
BN630	jews (noun)
BN260	ржЫрж╛ржЧрж▓ (noun)
BN11	ржЕрж▓рж╕ (noun)
BN722	ржкрзБрж░рзБрж╖рж╛ржЩрзНржЧ (noun)
BN695	ржХрж╛ржо (noun)
BN502	рж╢рзБржХрж░ (noun)
BN313	ржЫрж╛рж░ржкрзЛржХрж╛ (noun)
BN743	mixture (noun)
BN777	mosquito (noun)
BN1159	ржкрж╛ржЦрж┐ (noun)
BN710	ржХрзАржЯ (noun)
BN493	ржЪрзЛржжрж╛ (verb)
BN137	ржХрж╛рж▓рзЛ (noun)
BN785	mule (noun)
BN736	penis (noun)
BN771	ржорж╢рж╛ (noun)
BN761	ржоржЩрзНржЧрзЛрж▓ (noun)
BN192	inu (noun)
BN1045	bock bock (noun)
BN225	ЁЯРХ (noun)
BN1020	ржЬрж▓ржжрж╕рзНржпрзБрждрж╛ (noun)
BN494	рж╕рж╣ржмрж╛рж╕ (verb)
BN231	tribe (noun)
BN434	ржкрж╛ржЫрж╛ (noun)
BN977	aloo (noun)
BN528	thefts (noun)
BN573	рж╕ржоржХрж╛ржо (noun)
BN681	disabling (noun)
BN50	rape (noun)
BN1078	ржмрзЗржЩ (noun)
BN551	homosexuality (noun)
BN167	ржЧрж░рзБ (noun)
